希腊语	原中文	新中文	理由
αδικώ	对待不公正，错误	不公平对待；对待不公正；亏待	「错误」是 λάθος 的意思，是英文 to wrong 的机翻错义
ακτή	海滩	海岸；海边；海滩	只写「海滩」孩子会想到更常用的 παραλία，ακτή 首先是海岸
απόγευμα	下午，晚上	下午；傍晚	「晚上」是 βράδυ，απόγευμα 指下午到傍晚，写晚上会把孩子引向 βράδυ
αποξένωση	异化	疏远；疏离；异化	「异化」是哲学术语孩子看不懂，日常义是疏远、隔阂
βεβαιώνω	确认，确认	确认；证实；保证	同一个词重复写了两遍，补上证实、保证两个常用义
βιβλιοπωλείο	书店，书店	书店	同一个词重复写了两遍
βόλτα	走	散步；兜风；溜达	单写「走」会让人想到 περπατάω，βόλτα 是散步、出去转一圈
γιορτή	聚会，盛宴	节日；聚会；庆典；命名日	γιορτή 最常用是节日、命名日，只写聚会盛宴会让人想到 πάρτι
γλυκός	甜的，可爱的 (sweet, cute (metaph.))	甜的；可爱的	括号里混着英文残渣
γοργός	快，快，快，快	快；迅速；敏捷	「快」重复堆了四遍，像录入错误
γραφείο	桌子	书桌；办公室；办公桌	单写「桌子」会让人想到 τραπέζι，γραφείο 是书桌或办公室
γρήγορος	快，快，快，	快；快速；迅速	「快」重复堆了三遍，像录入错误
γυμναστής	教练，健身教练	体育老师；健身教练；教练	γυμναστής 在学校里就是体育老师，只写教练会让人想到 προπονητής
διασκεδάζω	玩得开心，享受自己，享受美好时光	玩得开心；娱乐；享受美好时光	「享受自己」是英文 enjoy oneself 的直译，中文不通
διευθυντής	经理，董事	经理；校长；主任；主管	「董事」是英文 director 的机翻；διευθυντής 是经理、校长、主任
δίκιο, το	理（έχω δίκιο 有道理）	道理；有理（έχω δίκιο 有道理）	单个「理」字太怪，孩子看了想不到 δίκιο
δραματική ταινία	戏剧	剧情片；剧情电影；戏剧片	δραματική ταινία 是电影类型剧情片，只写戏剧会想到 θέατρο 或 δράμα
εκκλησία	教会	教堂；教会	εκκλησία 日常首先指教堂这座建筑；只写「教会」孩子还可能读成「教会了」
έξοδος	晚上出去玩	出口；外出；出去玩	只写夜里出去玩太窄，έξοδος 首先是出口
επίσημ-ος	正式的，正式的	正式的；官方的	同一个义项写了两遍，漏掉了 official「官方的」
επόμενος	接下来，接下来	下一个；接下来的	同一义项写了两遍；επόμενος 是形容词「下一个」，只写「接下来」像副词「然后」
εσύ	你；你们；您	你	εσύ 只是单数的「你」；「你们」「您」是 εσείς
ευχή	希望	愿望；祝福；希望	ευχή 是愿望、祝福；只写「希望」孩子会当成 ελπίζω
θαλασσί	蓝色的	海蓝色；天蓝色；蓝色	θαλασσί 是海水那种蓝；只写「蓝色的」孩子会写成更常见的 μπλε
θήκη	盒子；套子	套子；保护套；外壳；盒子	θήκη 是专门装某样东西的套或壳（手机壳、眼镜盒）；把「盒子」放第一孩子会想到 κουτί
κάθετα	垂直，横向	竖着；垂直；纵向	κάθετα 是竖向（填字游戏的「竖」）；「横向」是 οριζόντια，方向正好反了
καθόλου	任何，全部	一点也不；根本不；任何	καθόλου 是「一点也（不）、任何」，没有「全部」的意思；「全部」是 όλα
καμπάνια, η	（宣传）活动	宣传活动；推广活动	关键的「宣传」藏在括号里不显示，题面只剩「活动」，孩子会想到 δραστηριότητα
καράβι	船，小舟	船；轮船	καράβι 指大船、渡轮；「小舟」是 βάρκα（小船），会把孩子引到别的词
καρέτα, η	蠵龟（地中海海龟）	海龟；红海龟；蠵龟	「蠵」字太生僻孩子打不出，能看懂的「海龟」又藏在括号里不显示
καρπός	水果	果实；水果；手腕	καρπός 是植物的果实（也指手腕），日常买的水果是 φρούτο，只写水果会混成同一个词
κατσαρόλα	锅，平底锅	锅；汤锅；炖锅	平底锅是煎锅 τηγάνι；κατσαρόλα 是有深度的汤锅
καφενείο, το	（希腊传统）咖啡馆	传统咖啡馆；老式咖啡馆；咖啡馆	「传统」藏在括号里不显示，题面只剩「咖啡馆」，孩子会写成 καφετέρια
κορίνα	棒（艺术体操器械）	体操棒；棒	括号里的说明不显示，题面只剩一个「棒」，读起来像「很棒」
κουλούρι	百吉饼，西米特	芝麻面包圈；面包圈；百吉饼；西米特	「西米特」是土耳其语音译孩子看不懂；κουλούρι 就是希腊街头卖的芝麻面包圈
κουραμπιές, ο	库拉比耶（圣诞杏仁饼）	圣诞杏仁饼；杏仁酥饼；库拉比耶	能看懂的意思藏在括号里不显示，题面只剩音译「库拉比耶」
μέγαρο	大厦；（音乐）厅	大厦；宫殿；音乐厅；大楼	「音乐」放在括号里不判题，孩子写「音乐厅」会被判错；μέγαρο 原义是宫殿、大厦
μπάνιο	浴室，浴缸	浴室；卫生间；洗澡	浴缸是 μπανιέρα，μπάνιο 是浴室或洗澡，写「浴缸」会把孩子引向另一个词
μπλούζα	女式衬衫	上衣；T恤；女式衬衫	μπλούζα 在希腊语里泛指上衣、T恤，男孩也穿；只写女式衬衫太窄，还会引向 πουκάμισο
νότα	笔记	音符；音乐符号	νότα 是音乐里的音符，不是笔记（笔记是 σημειώσεις），英文 note 被机翻错了
ξάδελφος, ο	表（堂）兄弟	表兄弟；堂兄弟；表哥；表弟	「堂」放在括号里不判题，孩子写「堂兄弟」会被判错
ξαναπαίρνω	再打一次（电话）	回电话；再打一次电话	关键的「电话」放在括号里不显示也不判题，题面只剩「再打一次」意思不清
ξεσκονίζω	去灰尘	除尘；掸灰；擦灰	开头的「去」会被系统当虚词删掉，只剩名词「灰尘」（写「灰尘」反而算对），写「除尘」却判错
οδηγία	指示，方向	指示；说明；指导	英文 direction 在这里是「指示、说明」，写成「方向」会引向 κατεύθυνση
όταν	什么时候	当……的时候	「什么时候」是疑问词 πότε；όταν 是连词「当…的时候」，不能用来提问
παθαίνω	遭遇，出（事）	遭遇；出事；遭受	「事」放进了括号，不判题也不显示，题面和义项只剩一个「出」
παιδικ-ός	关于/为儿童	儿童的；为儿童的；给孩子的	斜杠把它切成「关于」「为儿童」两个义项，「关于」单独成了正确答案（关于是 για/σχετικά）
παντελόνι	裤子，长裤，pants)	裤子；长裤	混着英文残渣 pants)
πάπλωμα	毯子	被子；羽绒被；毯子	πάπλωμα 是盖的被子（羽绒被），只写毯子会让孩子想到 κουβέρτα
πάστα	蛋糕，甜甜的	蛋糕；甜点；糕点	「甜甜的」是把英文 sweet（甜点）机翻成了形容词
πεπόνι	瓜	甜瓜；哈密瓜；瓜	只写「瓜」太宽，孩子可能想到西瓜 καρπούζι；πεπόνι 是甜瓜/哈密瓜
πλατεία	正方形	广场	英文 square 机翻成几何正方形；πλατεία 是广场，正方形是 τετράγωνο
πλοίο	船，小舟	船；轮船；大船	πλοίο 是大船、轮船，「小舟」会把孩子引向 βάρκα
πρέπει	我，你……必须	必须；应该；不得不	逗号把「我」切成了单独义项，孩子写「我」也会判对；省略号还让「必须」对不上
πυρετός	发烧，温度	发烧；发热	「温度」是 θερμοκρασία，πυρετός 专指发烧，题面写温度会把孩子引向别的词
ραδιόφωνο	收音机，无线电电话	收音机；广播；无线电	「无线电电话」是对 radiophone 的生硬直译，像是电话；ραδιόφωνο 就是收音机、广播
ρόλος	角色，部分	角色；作用	英文 part 在这里指戏里的角色，不是「部分」（那是 μέρος）
ρούχο	布	衣服；衣物	英文 cloth 被误译成「布」；ρούχο 是衣服，布料是 ύφασμα
σε	于，至	在；到；于；至	「于，至」太书面，12 岁孩子看不懂；σε 最常用的意思是在、到
σκηνικό	布景，风景	布景；场景	scenery 指舞台布景，「风景」是 τοπίο，会让孩子理解错
σκορπίζω	驱散	撒；散开；分散；驱散	「驱散」太书面且偏窄，σκορπίζω 最常用的是把东西撒开、四散
συνηθισμέν-ος	通常	平常的；通常的；习惯了的	「通常」是副词 συνήθως 的意思，συνηθισμένος 是形容词，题面会把孩子引向 συνήθως
συχν-ός	经常，经常	频繁的；经常的；常见的	「经常」是副词 συχνά 的意思，συχνός 是形容词，且原文重复了两遍
τηλεφωνώ / παίρνω τηλέφωνο	打电话，打电话	打电话	同一个词重复写了两遍
τσάμικο	查米科（希腊民间舞）	查米科；希腊民间舞	音译「查米科」孩子写不出来，真正的意思「希腊民间舞」被关在括号里不判题也不显示
τσάντα	包，钱包	包；包包；手提包	「钱包」是 πορτοφόλι；英文 purse 在这里指女士手提包，τσάντα 是包、手提包
υπηρεσία	服务，代理，办公室	服务；机构；办公室	「代理」是英文 agency 的机翻错义，υπηρεσία 是服务、（公共）机构
Υπουργείο, το	（政府）部	部；部委；政府部门	括号去掉后题面只剩一个「部」字，孩子看不懂也很难答对
φεστιβάλ	节日	艺术节；音乐节；节日	只写「节日」会让孩子想到 γιορτή；φεστιβάλ 是艺术节、音乐节这类活动
φέτα	片	片；切片；菲达奶酪	单个「片」字太怪；φέτα 是切片，也是希腊人天天说的菲达奶酪
φοβάμαι	害怕，害怕	害怕；怕	同一个词重复写了两遍
φοιτητής	学生	大学生；学生	φοιτητής 专指大学生，只写「学生」会让孩子想到 μαθητής
φοιτητής/-τρια	学生	大学生；学生	φοιτητής/-τρια 专指大学生，只写「学生」会让孩子想到 μαθητής
φοιτώ	学习	就读；上学；学习	φοιτώ 是在某所学校就读、上学，只写「学习」会让孩子想到 μαθαίνω
φουστάνι	裙子	连衣裙；裙子	φουστάνι 是连衣裙（同 φόρεμα），只写「裙子」会让孩子想到 φούστα
φρύδι	眉毛，眉毛	眉毛	同一个词重复写了两遍
φταίω	负责任，怪我，是我的错	有错；是我的错；怪我	「负责任」是英文 to be responsible 的机翻，中文意思是尽职，φταίω 是有过错、该怪
χιλιόμετρο	公里/公里	公里；千米	同一个词重复写了两遍，补上千米
χριστουγεννιάτικ-ος	圣诞节/圣诞节	圣诞节的；圣诞的	同一个词重复写了两遍，且这是形容词
Χρόνια πολλά	圣诞快乐！	节日快乐；生日快乐；圣诞快乐	Χρόνια πολλά 是生日、命名日、过节都说的祝福，只写圣诞快乐太窄
χυμός	汁	果汁；汁	单个「汁」字太怪，χυμός 日常就是果汁
χώρος	空间，房间	空间；地方；场所；房间	英文 room 在这里是「空间、地方」，不是 δωμάτιο 那种房间
ψηλός	高，高	高；高大	同一个字重复写了两遍
ψητ-ός	烤，烤，烤	烤的；烤制的	「烤」重复堆了三遍，像录入错误
